"1","23","2024-08-04 09:39:27","970.14","Incomplete",""
"2","39","2024-05-20 02:21:21","336.97","Incomplete",""
"3","54","2024-10-13 01:09:05","530.94","Delivered",""
"4","79","2024-09-23 08:35:03","514.43","Delivered","JJG-32"
"5","73","2024-10-03 16:31:40","517.43","Shipped",""
"6","98","2024-03-30 01:55:05","888.39","Incomplete",""
"7","55","2024-05-02 06:04:07","937.21","Incomplete",""
"8","18","2024-09-05 09:11:14","703.47","Incomplete","BJT-98"
"9","28","2024-04-16 01:21:37","680.04","Incomplete",""
"10","4","2024-04-16 17:39:15","223.41","Delivered",""
"11","33","2024-09-25 06:32:32","273.03","Shipped",""
"12","3","2024-11-02 08:23:02","800.85","Incomplete",""
"13","53","2024-09-08 05:48:02","796.75","Delivered",""
"14","99","2024-08-10 11:22:19","693.85","Incomplete",""
"15","92","2024-05-25 09:00:32","709.05","Incomplete",""
"16","57","2024-07-20 08:06:40","440.88","Shipped","OPR-91"
"17","75","2024-07-21 11:55:09","611.55","Incomplete","BLQ-54"
"18","56","2024-03-15 01:22:42","525.41","Delivered",""
"19","18","2024-02-06 19:04:01","911.42","Incomplete","KTL-00"
"20","9","2024-02-13 04:18:15","871.8","Incomplete","RHW-85"
"21","94","2024-08-11 14:55:37","547.17","Shipped",""
"22","64","2024-06-09 07:06:06","65.52","Delivered",""
"23","21","2024-08-19 08:46:43","339.22","Incomplete",""
"24","20","2024-09-24 20:26:27","599.49","Delivered",""
"25","88","2024-01-10 16:52:42","862.96","Shipped",""
"26","73","2024-07-08 20:03:44","514.77","Shipped","RJG-36"
"27","14","2024-07-26 23:02:51","541.3","Shipped",""
"28","85","2024-02-12 18:00:37","13.47","Shipped","QBB-10"
"29","64","2024-08-06 17:25:52","913.11","Incomplete","EQL-78"
"30","1","2024-06-25 07:19:53","270.62","Delivered",""
"31","54","2024-04-12 07:08:42","174.4","Delivered",""
"32","46","2024-04-04 08:49:32","813.03","Shipped",""
"33","21","2024-05-30 16:08:00","943.53","Shipped",""
"34","23","2024-07-02 00:12:28","950.63","Incomplete","EPO-78"
"35","84","2024-08-26 19:09:31","122.75","Shipped",""
"36","78","2024-06-16 14:24:29","762.94","Shipped","YNT-94"
"37","27","2024-09-28 04:00:17","428.18","Shipped","GUX-80"
"38","21","2024-09-08 21:20:29","281.2","Incomplete",""
"39","17","2024-01-05 18:17:33","138.27","Shipped",""
"40","97","2024-03-13 15:38:43","238.68","Shipped",""
"41","90","2024-01-27 17:07:04","586.46","Delivered",""
"42","4","2024-01-21 18:29:55","259.38","Incomplete","WGR-63"
"43","38","2024-09-21 22:26:23","248.2","Incomplete","HWB-62"
"44","53","2024-06-03 23:59:11","206.21","Incomplete",""
"45","24","2024-09-20 04:22:50","454.75","Delivered",""
"46","99","2024-06-30 22:18:08","37.41","Incomplete",""
"47","21","2024-08-26 00:07:39","509.35","Incomplete","ZGC-98"
"48","99","2024-05-03 13:28:16","20.64","Incomplete",""
"49","94","2024-09-08 10:08:00","642.4","Shipped",""
"50","57","2024-06-16 06:21:29","53.18","Delivered","ZYD-28"
"51","39","2024-04-24 00:49:11","150.48","Delivered",""
"52","1","2024-10-30 13:05:05","230.66","Shipped","AYM-39"
"53","48","2024-09-30 05:02:04","249.14","Incomplete",""
"54","48","2024-05-19 05:04:11","429.21","Delivered",""
"55","28","2024-06-07 01:44:17","327.46","Delivered","XYZ-38"
"56","100","2024-07-19 04:43:26","653.49","Incomplete",""
"57","66","2024-02-15 17:02:04","381.27","Incomplete",""
"58","73","2024-11-03 01:47:45","402.9","Delivered",""
"59","38","2024-03-03 16:06:58","970.52","Delivered",""
"60","49","2024-05-28 20:40:58","502.63","Delivered",""
"61","42","2024-09-02 09:45:57","582.25","Shipped",""
"62","98","2024-10-07 21:10:48","200.81","Incomplete",""
"63","72","2024-04-14 08:55:44","563.74","Delivered",""
"64","84","2024-01-27 17:24:38","817.08","Delivered",""
"65","5","2024-03-28 04:12:16","738.36","Incomplete","IQL-43"
"66","27","2024-06-03 04:13:19","134.14","Incomplete","ETW-69"
"67","29","2024-07-19 23:54:53","350.78","Shipped","XAK-32"
"68","51","2024-07-23 15:38:18","632.25","Shipped",""
"69","51","2024-07-14 03:39:13","820.59","Incomplete",""
"70","97","2024-03-22 06:48:15","678.39","Shipped","VWP-97"
"71","88","2024-09-26 09:50:43","953.04","Shipped",""
"72","98","2024-10-13 03:28:22","305.57","Delivered","PMO-23"
"73","73","2024-04-27 06:51:12","473.87","Incomplete",""
"74","53","2024-10-08 15:42:38","237.32","Incomplete","PJV-13"
"75","92","2024-03-02 03:47:30","303.02","Incomplete",""
"76","61","2024-07-04 05:19:39","879.42","Delivered",""
"77","77","2024-10-13 18:13:11","72.27","Incomplete",""
"78","37","2024-03-13 07:28:32","953.1","Delivered",""
"79","73","2024-07-10 14:44:42","393.34","Delivered",""
"80","21","2024-02-03 17:57:44","491.21","Incomplete",""
"81","21","2024-05-30 01:19:39","930.34","Shipped",""
"82","60","2024-06-04 01:58:22","199.18","Incomplete",""
"83","41","2024-07-06 09:46:46","200.44","Shipped",""
"84","22","2024-10-17 02:10:47","394.69","Shipped",""
"85","27","2024-11-11 06:18:46","333.08","Delivered","VQC-56"
"86","89","2024-02-17 06:28:51","651.04","Delivered",""
"87","30","2024-09-18 05:41:45","121.78","Incomplete","QDT-72"
"88","55","2024-02-28 09:31:29","903.73","Delivered",""
"89","18","2024-10-21 18:12:51","683.51","Shipped","EOI-73"
"90","78","2024-05-07 04:07:04","387.06","Shipped","OII-49"
"91","70","2024-09-12 05:23:35","545.38","Incomplete",""
"92","82","2024-05-19 09:24:39","468.15","Delivered","ZDD-67"
"93","3","2024-09-24 03:26:37","751.84","Shipped",""
"94","19","2024-07-10 15:15:50","754.36","Shipped",""
"95","48","2024-09-24 10:57:15","365.83","Delivered",""
"96","73","2024-01-04 01:22:23","405.73","Incomplete",""
"97","96","2024-05-22 17:42:22","879.21","Incomplete",""
"98","4","2024-07-31 08:43:16","315.4","Shipped",""
"99","17","2024-04-27 05:14:17","26.27","Incomplete","RWB-67"
"100","61","2024-01-08 18:42:52","364.44","Delivered",""
"101","43","2024-02-25 01:19:49","141.56","Delivered",""
"102","74","2024-01-17 06:34:26","81.51","Delivered","LKU-85"
"103","52","2024-06-08 10:22:17","42.24","Shipped","CYQ-95"
"104","23","2024-04-10 23:37:28","981.83","Incomplete",""
"105","53","2024-02-18 07:55:18","961.34","Shipped",""
"106","68","2024-06-22 19:14:28","864.46","Incomplete",""
"107","46","2024-06-23 01:17:51","966.66","Delivered",""
"108","92","2024-02-25 07:45:58","510.57","Shipped","TFW-71"
"109","89","2024-07-20 18:45:02","436.48","Incomplete",""
"110","61","2024-01-22 02:16:41","524.9","Shipped",""
"111","54","2024-08-24 06:11:00","972.57","Incomplete",""
"112","79","2024-01-04 18:46:46","790.63","Incomplete",""
"113","40","2024-02-26 01:45:09","983.98","Shipped",""
"114","91","2024-04-02 19:56:55","546.57","Delivered",""
"115","12","2024-08-13 18:26:52","944.9","Delivered","DOY-23"
"116","77","2024-04-21 18:07:48","784.21","Shipped","SHP-37"
"117","84","2024-03-25 07:56:15","800.51","Incomplete","RVM-53"
"118","82","2024-08-29 00:50:30","20.88","Shipped",""
"119","70","2024-02-03 01:11:56","210.66","Incomplete",""
"120","21","2024-03-19 01:16:54","59.45","Delivered",""
"121","61","2024-10-02 10:48:39","411.73","Incomplete",""
"122","27","2024-09-09 16:38:36","878.27","Delivered",""
"123","69","2024-10-15 14:37:38","992.26","Delivered",""
"124","6","2024-09-01 12:16:10","616.25","Shipped",""
"125","18","2024-09-16 20:31:30","748.61","Incomplete",""
"126","47","2024-07-12 11:55:26","616.58","Shipped",""
"127","61","2024-10-29 15:47:56","506.35","Incomplete",""
"128","55","2024-04-15 03:05:53","543.98","Incomplete","VDS-90"
"129","63","2024-09-17 17:42:06","184.3","Delivered","OIT-59"
"130","54","2024-03-03 00:50:33","30.3","Shipped",""
"131","92","2024-06-22 16:12:11","896.09","Shipped",""
"132","45","2024-09-10 05:43:34","962.98","Incomplete",""
"133","5","2024-08-12 05:02:16","159.59","Delivered",""
"134","7","2024-07-30 16:31:54","238.67","Shipped",""
"135","90","2024-05-17 07:55:01","587.33","Delivered",""
"136","80","2024-01-07 12:36:47","175.51","Incomplete","IXJ-32"
"137","75","2024-10-18 06:55:58","263.85","Incomplete",""
"138","60","2024-07-05 12:13:03","869.71","Shipped","DXY-16"
"139","65","2024-09-04 14:37:26","91.3","Delivered",""
"140","78","2024-05-30 09:42:36","608.26","Shipped",""
"141","59","2024-08-22 22:25:37","414.4","Delivered",""
"142","67","2024-07-19 07:03:57","534.04","Shipped",""
"143","14","2024-04-28 06:01:09","798.92","Incomplete","YFH-90"
"144","81","2024-10-08 18:31:21","171.32","Delivered",""
"145","97","2024-02-14 07:23:45","659.37","Delivered",""
"146","63","2024-05-14 09:13:51","55.53","Incomplete",""
"147","42","2024-05-08 19:11:11","840.18","Delivered",""
"148","37","2024-05-08 04:30:46","472.14","Shipped","BKI-98"
"149","46","2024-10-05 15:03:44","995.85","Delivered","HPX-62"
"150","0","2024-10-21 18:58:23","298.08","Incomplete",""
"151","28","2024-02-24 12:49:43","484.1","Delivered",""
"152","58","2024-07-27 01:49:56","402.92","Shipped",""
"153","17","2024-05-13 05:05:50","136.79","Delivered",""
"154","65","2024-02-16 17:13:08","135.03","Shipped",""
"155","56","2024-05-01 22:39:24","388.64","Incomplete",""
"156","36","2024-05-16 13:23:58","61.59","Delivered",""
"157","68","2024-06-19 00:47:05","967.66","Incomplete",""
"158","24","2024-05-20 12:28:31","423.27","Incomplete",""
"159","81","2024-09-19 05:11:51","19.59","Incomplete",""
"160","38","2024-01-04 12:52:25","607.96","Shipped",""
"161","3","2024-08-12 09:37:10","533.34","Delivered","RRQ-26"
"162","33","2024-01-07 12:56:18","620.97","Incomplete",""
"163","40","2024-07-06 22:28:17","610.14","Delivered",""
"164","24","2024-08-23 16:48:48","850.66","Incomplete",""
"165","66","2024-07-13 02:11:01","433.6","Delivered",""
"166","72","2024-07-13 02:30:05","296.46","Shipped",""
"167","69","2024-08-20 19:21:57","726.47","Incomplete","DTF-71"
"168","42","2024-01-12 16:07:12","880.47","Shipped",""
"169","7","2024-05-09 12:41:59","622.32","Shipped",""
"170","87","2024-08-07 18:34:19","583.83","Incomplete",""
"171","66","2024-07-20 03:19:04","998.83","Incomplete",""
"172","45","2024-08-19 02:40:30","831.9","Delivered",""
"173","17","2024-10-30 15:51:32","779.99","Delivered",""
"174","41","2024-02-27 09:11:02","613.82","Delivered","IEQ-74"
"175","73","2024-05-14 02:12:19","358.99","Shipped",""
"176","0","2024-03-06 14:28:13","728.08","Incomplete",""
"177","42","2024-05-12 15:10:31","549.13","Shipped",""
"178","6","2024-08-22 11:22:04","384.72","Shipped",""
"179","75","2024-02-22 13:34:32","344.47","Shipped",""
"180","28","2024-08-14 02:26:16","385.59","Delivered",""
"181","86","2024-04-19 19:16:45","525.49","Delivered",""
"182","92","2024-04-17 02:01:45","958.24","Shipped",""
"183","14","2024-08-10 07:19:59","355.2","Delivered",""
"184","41","2024-09-26 20:17:20","461.33","Shipped",""
"185","65","2024-05-05 22:14:27","542.13","Shipped",""
"186","78","2024-01-14 02:36:19","814.51","Delivered",""
"187","76","2024-10-06 06:45:17","299.68","Shipped",""
"188","90","2024-09-01 01:34:11","479.66","Delivered","RKY-44"
"189","33","2024-01-26 15:34:21","944.93","Incomplete",""
"190","87","2024-04-13 08:37:56","532.77","Delivered",""
"191","22","2024-09-21 02:55:35","832.38","Delivered",""
"192","63","2024-07-29 11:21:31","219.96","Shipped","OVT-72"
"193","1","2024-09-30 14:59:37","106.42","Shipped",""
"194","90","2024-07-23 00:14:28","861.73","Delivered",""
"195","56","2024-06-16 06:15:01","673.92","Shipped",""
"196","38","2024-07-08 02:36:11","731.08","Delivered","WHR-26"
"197","15","2024-02-08 16:30:24","13.21","Incomplete",""
"198","99","2024-06-09 23:45:25","986.92","Shipped",""
"199","70","2024-10-28 09:30:50","464.32","Delivered",""
"200","59","2024-03-04 14:25:29","373.99","Incomplete","MFZ-30"
"201","53","2024-07-13 13:59:07","711.58","Shipped",""
"202","40","2024-05-27 23:01:20","903.88","Shipped",""
"203","31","2024-03-29 18:42:47","640.21","Delivered",""
"204","11","2024-01-26 22:30:29","499.18","Incomplete",""
"205","13","2024-02-26 07:40:41","96.36","Delivered",""
"206","33","2024-08-31 19:10:45","322.72","Incomplete","GMN-80"
"207","53","2024-08-23 00:32:29","157.87","Incomplete",""
"208","29","2024-06-19 01:26:05","334.34","Delivered",""
"209","16","2024-09-03 08:53:54","777.32","Shipped",""
"210","3","2024-03-15 14:46:36","278.17","Delivered","YDH-68"
"211","39","2024-03-03 21:08:08","650.07","Shipped",""
"212","3","2024-07-06 11:35:13","970.39","Delivered",""
"213","96","2024-08-16 05:29:41","716.95","Shipped",""
"214","48","2024-04-26 14:39:21","865.33","Delivered",""
"215","56","2024-05-09 04:45:32","297.16","Delivered",""
"216","87","2024-10-27 04:10:56","576.39","Incomplete",""
"217","10","2024-02-03 00:13:47","46.98","Delivered",""
"218","86","2024-03-07 08:46:05","277.32","Delivered",""
"219","81","2024-03-13 12:10:13","700.71","Shipped",""
"220","26","2024-05-15 01:48:41","392.17","Shipped",""
"221","45","2024-03-17 19:12:54","739.98","Incomplete",""
"222","35","2024-01-10 03:48:49","852.32","Incomplete",""
"223","14","2024-05-21 22:03:30","142.37","Incomplete",""
"224","26","2024-03-01 06:25:08","890.59","Incomplete",""
"225","69","2024-09-05 18:12:04","821.4","Delivered",""
"226","50","2024-09-26 08:00:53","289.02","Shipped",""
"227","38","2024-08-17 15:06:10","972.32","Incomplete",""
"228","5","2024-05-10 07:26:15","737.6","Shipped",""
"229","68","2024-01-18 01:37:48","77.82","Shipped",""
"230","46","2024-02-24 18:12:46","421.7","Shipped",""
"231","78","2024-06-29 02:44:13","354.55","Delivered",""
"232","49","2024-09-07 07:31:44","954.26","Shipped",""
"233","98","2024-03-10 02:25:53","561.77","Shipped",""
"234","18","2024-05-09 16:41:20","794.78","Shipped","YKS-59"
"235","25","2024-08-03 19:20:15","918.44","Shipped",""
"236","59","2024-11-03 05:03:42","206.27","Shipped",""
"237","91","2024-08-18 23:26:32","214.92","Delivered",""
"238","59","2024-08-24 19:21:01","979.59","Delivered",""
"239","21","2024-06-14 15:35:14","913.78","Incomplete",""
"240","7","2024-02-08 02:16:54","337.22","Shipped",""
"241","2","2024-08-01 11:55:58","382.98","Delivered","ZKT-74"
"242","36","2024-09-24 04:14:32","816.64","Delivered",""
"243","28","2024-09-09 02:29:18","948.87","Incomplete",""
"244","65","2024-05-05 16:02:21","919.71","Delivered","MQW-61"
"245","6","2024-06-15 01:39:35","727.69","Incomplete",""
"246","37","2024-03-22 09:05:58","596.28","Shipped",""
"247","23","2024-03-24 14:16:59","87.95","Delivered",""
"248","87","2024-09-07 06:22:51","737.77","Incomplete","DMO-27"
"249","32","2024-04-25 05:03:33","192.35","Incomplete",""
"250","12","2024-08-23 16:16:21","159.5","Incomplete",""
"251","17","2024-01-17 02:35:08","511.81","Delivered",""
"252","83","2024-08-17 11:51:13","928.76","Shipped",""
"253","95","2024-06-12 14:47:21","376.53","Delivered",""
"254","99","2024-03-19 19:58:38","638.1","Incomplete",""
"255","13","2024-04-01 02:54:58","387.48","Shipped",""
"256","96","2024-10-08 16:01:47","865.06","Shipped",""
"257","19","2024-01-05 18:33:26","636.93","Incomplete",""
"258","93","2024-08-25 10:30:57","279.96","Shipped","MFN-44"
"259","68","2024-10-31 07:19:35","234.41","Shipped","KAD-65"
"260","7","2024-05-10 13:53:30","577.58","Shipped",""
"261","40","2024-10-12 20:57:44","32.53","Delivered",""
"262","36","2024-08-10 23:04:16","483.44","Shipped",""
"263","8","2024-08-23 06:18:32","59.63","Incomplete",""
"264","61","2024-06-07 04:48:45","861.39","Shipped",""
"265","94","2024-08-03 19:27:50","453.37","Delivered",""
"266","0","2024-08-16 05:20:13","782.27","Delivered",""
"267","66","2024-08-28 07:48:14","283.31","Incomplete",""
"268","7","2024-07-11 08:57:14","577.39","Incomplete",""
"269","85","2024-01-17 01:19:43","105.05","Shipped",""
"270","4","2024-02-29 00:51:55","60.49","Delivered",""
"271","76","2024-01-12 03:08:11","918.92","Shipped",""
"272","67","2024-07-04 13:35:21","148.27","Incomplete",""
"273","64","2024-06-11 04:21:07","420.14","Delivered",""
"274","88","2024-08-13 11:37:07","728.35","Shipped",""
"275","56","2024-10-08 23:12:46","891.86","Incomplete",""
"276","58","2024-02-23 20:33:46","614.46","Shipped","NTB-30"
"277","74","2024-01-21 14:58:18","761.51","Shipped",""
"278","3","2024-05-01 10:46:08","851.17","Shipped",""
"279","27","2024-03-30 13:05:42","18.93","Shipped","TLR-84"
"280","84","2024-03-20 14:06:49","819.79","Incomplete",""
"281","88","2024-04-12 14:05:09","917.62","Shipped",""
"282","65","2024-04-29 12:04:25","610.37","Incomplete","XXL-83"
"283","45","2024-06-22 10:26:53","875.29","Delivered",""
"284","89","2024-08-15 13:16:44","317.09","Incomplete",""
"285","33","2024-08-15 03:28:46","133.61","Delivered","FDI-99"
"286","53","2024-06-04 23:44:39","931.94","Delivered",""
"287","64","2024-05-18 17:59:44","931.69","Delivered",""
"288","82","2024-04-24 16:00:30","752.88","Shipped",""
"289","76","2024-11-05 08:26:43","152.42","Delivered",""
"290","53","2024-03-28 02:28:15","209.33","Delivered",""
"291","82","2024-09-21 12:21:36","427.65","Delivered",""
"292","70","2024-01-29 01:05:13","354.74","Incomplete",""
"293","44","2024-05-07 23:01:38","718.26","Delivered",""
"294","52","2024-05-20 03:13:47","961.46","Incomplete",""
"295","70","2024-08-02 05:39:43","344.83","Delivered","RYT-93"
"296","18","2024-07-07 03:04:58","298.99","Shipped","NIB-79"
"297","60","2024-11-06 04:40:07","499.27","Incomplete",""
"298","8","2024-08-06 13:00:13","397.27","Delivered",""
"299","64","2024-08-14 16:50:18","197.4","Shipped",""
"300","60","2024-06-04 20:48:39","944.04","Delivered",""
"301","84","2024-03-20 08:47:34","763.87","Shipped","PIC-44"
"302","16","2024-07-27 03:03:27","442.1","Shipped",""
"303","74","2024-10-05 07:47:05","809.3","Incomplete",""
"304","53","2024-10-26 05:13:01","348.78","Shipped",""
"305","100","2024-04-07 12:16:43","96.14","Delivered",""
"306","17","2024-06-08 08:42:31","249.89","Incomplete",""
"307","77","2024-09-11 21:06:43","745.32","Incomplete",""
"308","91","2024-02-24 13:10:19","298.44","Incomplete",""
"309","7","2024-09-17 01:16:27","554.37","Delivered",""
"310","40","2024-08-13 23:04:20","844.94","Shipped",""
"311","29","2024-05-26 14:44:12","534.35","Incomplete",""
"312","79","2024-10-30 06:19:09","713.58","Shipped",""
"313","82","2024-09-20 13:30:07","811.21","Incomplete",""
"314","59","2024-07-27 21:11:02","962.61","Incomplete",""
"315","0","2024-10-27 04:16:49","528.41","Shipped",""
"316","37","2024-04-19 09:17:52","174.6","Shipped",""
"317","20","2024-03-28 05:53:43","378.22","Incomplete","NCY-81"
"318","88","2024-06-10 17:06:15","135.68","Delivered",""
"319","3","2024-03-06 23:13:25","848.28","Shipped",""
"320","53","2024-02-29 05:11:20","429.17","Incomplete",""
"321","98","2024-01-08 13:40:09","66.95","Incomplete",""
"322","22","2024-07-19 01:53:15","909.75","Delivered",""
"323","59","2024-04-30 16:49:23","355.45","Delivered",""
"324","28","2024-06-09 05:25:05","57.46","Shipped","UYE-91"
"325","91","2024-02-16 13:45:09","152.74","Shipped","JPL-32"
"326","95","2024-06-20 17:24:36","24.91","Delivered","OZR-61"
"327","53","2024-01-08 20:12:10","211.53","Incomplete",""
"328","43","2024-09-15 22:43:21","466.87","Delivered",""
"329","29","2024-09-25 09:27:43","356.88","Incomplete",""
"330","82","2024-03-29 10:29:23","92.02","Delivered",""
"331","5","2024-02-04 10:05:15","231.2","Incomplete",""
"332","40","2024-02-23 00:17:02","181.58","Shipped","GCX-53"
"333","48","2024-06-09 15:32:30","216.75","Shipped",""
"334","40","2024-04-11 23:45:07","303.05","Delivered",""
"335","28","2024-11-05 01:03:02","848.19","Delivered",""
"336","32","2024-09-01 20:01:44","964.36","Shipped","UFT-56"
"337","26","2024-04-15 00:51:24","619.63","Delivered","JPU-80"
"338","9","2024-04-29 15:24:37","459.62","Delivered",""
"339","29","2024-06-06 06:21:57","218.28","Delivered",""
"340","46","2024-01-23 17:34:17","288.19","Delivered","OLJ-83"
"341","78","2024-08-11 14:47:55","241.42","Incomplete",""
"342","55","2024-09-01 08:14:05","981.02","Incomplete",""
"343","3","2024-07-23 04:00:41","222.37","Delivered",""
"344","41","2024-09-12 00:04:00","513.61","Shipped",""
"345","8","2024-11-10 15:25:23","817.65","Shipped",""
"346","50","2024-10-12 05:05:57","975.67","Incomplete",""
"347","83","2024-04-21 23:46:06","406.57","Incomplete",""
"348","58","2024-06-16 14:00:04","124.37","Incomplete",""
"349","9","2024-07-09 23:30:27","887.67","Delivered",""
"350","37","2024-03-10 12:04:33","314.74","Shipped","HTG-60"
"351","15","2024-07-18 21:58:24","836.13","Incomplete",""
"352","86","2024-05-28 00:10:51","650.9","Delivered",""
"353","10","2024-07-18 06:15:56","987.07","Shipped","DEY-07"
"354","77","2024-09-23 20:40:31","196.68","Delivered",""
"355","57","2024-11-04 15:55:59","766.33","Incomplete","CEA-48"
"356","44","2024-08-11 21:49:44","89.38","Delivered",""
"357","4","2024-06-03 15:39:51","804.57","Incomplete",""
"358","90","2024-01-10 22:56:15","221.92","Delivered",""
"359","27","2024-08-01 12:20:13","912.59","Delivered",""
"360","34","2024-02-04 01:57:56","302.67","Delivered",""
"361","30","2024-02-07 14:28:03","244.39","Incomplete","MQF-64"
"362","13","2024-08-11 15:44:13","251.61","Shipped",""
"363","83","2024-07-12 21:03:04","318.81","Shipped","HVS-70"
"364","62","2024-07-25 17:01:56","771.75","Incomplete","TOS-96"
"365","15","2024-09-04 01:33:48","833.21","Delivered",""
"366","8","2024-04-07 18:21:03","648.43","Incomplete",""
"367","36","2024-02-22 04:56:29","263.94","Incomplete",""
"368","94","2024-10-31 01:46:54","916.14","Delivered",""
"369","56","2024-05-27 16:42:04","605.04","Shipped","ZEH-89"
"370","21","2024-03-11 20:09:58","608.82","Delivered",""
"371","24","2024-10-11 10:45:58","949.34","Incomplete",""
"372","70","2024-09-17 14:45:30","931.54","Delivered",""
"373","84","2024-11-03 21:20:57","624.88","Shipped","IQL-90"
"374","36","2024-03-24 08:15:58","214.37","Delivered",""
"375","27","2024-01-26 04:54:04","295.78","Delivered",""
"376","26","2024-11-10 02:33:15","498.72","Shipped","INZ-36"
"377","18","2024-10-04 16:51:12","935.97","Incomplete",""
"378","9","2024-04-27 13:45:25","565.88","Delivered","QCA-58"
"379","52","2024-07-15 07:50:19","413.9","Delivered",""
"380","65","2024-11-01 17:53:32","261.05","Incomplete",""
"381","17","2024-01-05 09:00:41","737.77","Delivered",""
"382","44","2024-06-17 08:08:16","662.5","Shipped",""
"383","47","2024-02-24 07:53:02","698.28","Delivered",""
"384","57","2024-09-05 15:50:10","336.03","Shipped",""
"385","7","2024-10-11 05:41:21","171.09","Shipped","FLS-96"
"386","13","2024-07-19 01:26:36","193.52","Shipped",""
"387","23","2024-09-20 14:23:51","952.34","Delivered","PCP-80"
"388","90","2024-01-22 00:07:06","56.39","Incomplete",""
"389","36","2024-07-14 21:12:44","566.95","Delivered",""
"390","6","2024-11-11 05:29:08","452.24","Shipped","TVC-00"
"391","56","2024-04-08 11:06:35","634.9","Delivered","FWB-01"
"392","33","2024-03-23 05:05:48","883.29","Shipped",""
"393","98","2024-10-11 06:10:09","759.58","Delivered","ILH-44"
"394","6","2024-04-18 14:40:41","161.11","Shipped",""
"395","90","2024-09-24 13:18:10","708.05","Incomplete",""
"396","71","2024-04-22 01:32:03","148.09","Shipped",""
"397","34","2024-06-11 04:36:43","792.68","Shipped","LGE-14"
"398","7","2024-08-08 23:09:03","239.33","Incomplete",""
"399","83","2024-09-04 11:13:11","729.26","Incomplete",""
"400","70","2024-03-29 22:36:57","667.89","Incomplete",""
"401","73","2024-04-20 14:31:52","992.11","Shipped",""
"402","84","2024-03-19 14:05:20","524.8","Incomplete",""
"403","64","2024-09-19 09:09:56","141.41","Delivered","PCU-39"
"404","30","2024-08-30 02:51:29","167.71","Delivered","ZVR-10"
"405","66","2024-05-25 00:23:54","913.46","Delivered","CNZ-35"
"406","9","2024-07-14 20:37:35","960.43","Incomplete",""
"407","13","2024-10-05 09:54:06","219.97","Delivered",""
"408","53","2024-07-19 06:57:04","423.74","Shipped",""
"409","64","2024-04-27 04:32:51","140.42","Delivered",""
"410","76","2024-09-21 04:42:30","629.38","Incomplete","PHN-30"
"411","41","2024-03-15 20:23:08","316.64","Incomplete",""
"412","39","2024-08-18 14:32:10","498.51","Delivered","DCT-12"
"413","92","2024-02-13 03:20:19","158.27","Delivered",""
"414","37","2024-07-25 16:14:37","40.65","Incomplete","JBQ-89"
"415","51","2024-09-18 23:13:02","367.9","Delivered",""
"416","7","2024-08-03 20:15:09","555.21","Incomplete",""
"417","7","2024-06-19 20:20:48","811.43","Shipped",""
"418","81","2024-06-27 13:10:50","791.16","Delivered",""
"419","96","2024-05-06 21:41:43","401.5","Shipped",""
"420","83","2024-11-05 16:11:28","413.95","Incomplete",""
"421","36","2024-01-07 17:28:36","654.17","Shipped",""
"422","70","2024-06-10 17:42:55","522.49","Delivered",""
"423","69","2024-06-02 02:36:48","625.48","Shipped",""
"424","9","2024-05-06 17:34:53","25.01","Shipped","NXV-13"
"425","24","2024-03-13 03:57:40","76.45","Incomplete","SFH-10"
"426","42","2024-02-01 13:16:59","449.51","Incomplete",""
"427","9","2024-09-16 13:46:35","66.09","Delivered",""
"428","96","2024-06-07 13:58:39","363.4","Shipped","PPT-76"
"429","17","2024-03-20 02:45:01","486.38","Delivered",""
"430","78","2024-03-08 00:23:36","512.37","Delivered",""
"431","90","2024-03-06 22:14:42","910.3","Delivered","LVL-52"
"432","78","2024-04-22 05:10:00","142.46","Delivered",""
"433","47","2024-08-08 11:43:02","770.65","Shipped",""
"434","38","2024-08-27 23:24:01","814.29","Delivered",""
"435","23","2024-10-15 05:23:11","401.25","Delivered",""
"436","13","2024-04-09 14:28:49","866.1","Shipped",""
"437","59","2024-04-28 20:43:48","197.71","Incomplete",""
"438","25","2024-04-24 11:45:50","71.62","Shipped",""
"439","68","2024-01-14 15:35:58","611.01","Shipped",""
"440","27","2024-07-02 08:04:41","826.34","Shipped",""
"441","51","2024-07-12 09:14:16","815.47","Incomplete",""
"442","17","2024-06-09 18:49:54","513.33","Shipped",""
"443","6","2024-01-24 20:50:31","440.22","Delivered",""
"444","37","2024-01-03 16:56:17","834.3","Delivered",""
"445","72","2024-02-13 09:22:25","401.35","Incomplete",""
"446","54","2024-10-29 02:27:37","438.13","Incomplete","AKX-82"
"447","72","2024-02-04 00:08:25","498.97","Shipped",""
"448","92","2024-10-04 13:50:52","919.87","Incomplete",""
"449","23","2024-08-02 18:35:43","573.54","Delivered",""
"450","79","2024-05-15 03:18:28","694.58","Shipped",""
"451","17","2024-06-13 04:23:09","110.79","Delivered",""
"452","3","2024-10-26 18:22:31","101.82","Incomplete","DCX-92"
"453","21","2024-10-27 17:31:08","541.34","Incomplete",""
"454","72","2024-02-24 14:10:38","32.12","Shipped",""
"455","47","2024-01-01 20:42:03","933.5","Shipped","QEP-54"
"456","97","2024-07-26 08:07:19","221.52","Incomplete",""
"457","97","2024-11-07 19:07:53","265.65","Shipped",""
"458","42","2024-10-24 18:07:05","561.06","Incomplete",""
"459","77","2024-09-01 08:14:25","498.16","Incomplete",""
"460","43","2024-07-22 19:16:36","553.29","Delivered",""
"461","98","2024-05-19 16:27:02","683.55","Shipped",""
"462","56","2024-06-16 00:50:01","571.7","Shipped","JCU-71"
"463","31","2024-05-15 10:59:22","700.55","Shipped","AIT-17"
"464","27","2024-02-27 16:54:59","73.89","Incomplete",""
"465","59","2024-07-10 19:01:18","228.69","Shipped","ZEZ-51"
"466","11","2024-08-11 17:22:19","905.29","Delivered",""
"467","92","2024-09-08 22:49:03","815.96","Delivered",""
"468","58","2024-07-25 05:05:33","536.73","Incomplete","BMD-79"
"469","6","2024-11-08 01:16:30","561.03","Shipped",""
"470","69","2024-02-08 16:58:27","717.94","Delivered","ZZF-07"
"471","35","2024-02-24 05:20:28","268.28","Delivered",""
"472","86","2024-09-24 21:56:19","543.87","Shipped",""
"473","27","2024-04-20 21:59:55","673.48","Incomplete",""
"474","46","2024-06-30 03:44:53","722.5","Shipped",""
"475","90","2024-05-17 20:07:26","623.97","Shipped",""
"476","10","2024-01-21 20:49:19","559.27","Incomplete",""
"477","79","2024-02-14 21:37:39","486.23","Incomplete",""
"478","4","2024-01-12 22:46:51","814.72","Shipped","LWO-14"
"479","42","2024-03-08 22:33:55","720.99","Delivered",""
"480","11","2024-07-07 23:05:36","723.05","Shipped",""
"481","85","2024-04-06 07:19:40","989.94","Delivered",""
"482","32","2024-03-31 06:19:40","906.5","Shipped",""
"483","10","2024-02-24 01:08:19","122.01","Incomplete","QGC-01"
"484","65","2024-10-28 06:45:13","269.83","Incomplete",""
"485","1","2024-09-25 14:52:43","654.11","Delivered",""
"486","16","2024-07-04 06:53:12","485.59","Shipped",""
"487","13","2024-09-11 09:26:07","666.65","Incomplete","WWQ-28"
"488","10","2024-08-13 16:15:19","264.42","Shipped",""
"489","83","2024-06-19 07:07:27","605.4","Delivered",""
"490","69","2024-09-23 21:11:09","499.62","Delivered",""
"491","38","2024-01-11 08:13:16","57.85","Shipped","AQO-86"
"492","86","2024-02-07 12:32:16","448.22","Delivered","DVZ-33"
"493","4","2024-05-15 18:56:49","555.42","Incomplete",""
"494","91","2024-07-31 09:06:33","136.38","Shipped","RSN-13"
"495","11","2024-05-22 08:52:04","938.61","Delivered","RMR-03"
"496","3","2024-01-25 17:54:20","147.84","Incomplete",""
"497","95","2024-06-05 09:25:12","772.03","Incomplete","HLV-29"
"498","91","2024-06-03 12:36:08","162.01","Delivered",""
"499","65","2024-08-10 19:15:33","287.55","Incomplete",""
"500","37","2024-08-05 07:55:20","390.75","Shipped",""
"501","94","2024-07-15 20:03:46","92.87","Shipped",""
"502","31","2024-05-18 22:54:09","227.13","Incomplete",""
"503","8","2024-04-01 08:03:53","483.56","Delivered",""
"504","7","2024-07-07 03:05:37","338.23","Shipped","BMX-94"
"505","58","2024-09-07 13:10:18","610.11","Incomplete","CAQ-05"
"506","84","2024-06-28 23:43:23","966.96","Shipped",""
"507","90","2024-04-19 19:41:26","971.88","Shipped",""
"508","59","2024-11-05 03:39:41","843.38","Incomplete",""
"509","57","2024-05-27 20:38:22","790.39","Delivered",""
"510","6","2024-01-10 11:23:06","910.11","Incomplete",""
"511","71","2024-02-07 22:25:52","222.91","Delivered",""
"512","74","2024-02-26 06:05:41","399.36","Delivered",""
"513","59","2024-04-10 00:48:10","206.52","Incomplete",""
"514","7","2024-06-07 10:37:16","859.62","Delivered",""
"515","69","2024-07-22 21:39:04","13.58","Incomplete","KLW-58"
"516","90","2024-10-21 12:28:35","273.59","Incomplete",""
"517","91","2024-09-23 12:08:40","825.43","Delivered",""
"518","63","2024-07-16 03:10:15","956.2","Shipped",""
"519","7","2024-03-25 21:06:21","81.38","Shipped",""
"520","16","2024-03-25 12:46:44","200.51","Shipped","RVR-06"
"521","68","2024-09-22 10:05:59","20.79","Shipped",""
"522","25","2024-04-01 06:49:41","102.33","Delivered",""
"523","47","2024-01-25 04:42:14","494.66","Incomplete",""
"524","66","2024-05-05 16:47:07","823.1","Delivered",""
"525","1","2024-06-30 04:37:13","915.22","Shipped",""
"526","21","2024-07-07 21:18:36","607.85","Delivered",""
"527","53","2024-05-23 16:20:44","397.17","Delivered",""
"528","72","2024-05-04 02:22:40","637.61","Shipped",""
"529","45","2024-07-21 19:06:05","386.66","Incomplete",""
"530","74","2024-07-18 12:38:41","836.62","Incomplete",""
"531","100","2024-05-03 06:42:20","579.98","Delivered",""
"532","87","2024-02-11 04:57:08","234.12","Incomplete","UGZ-06"
"533","63","2024-05-27 20:08:02","684.98","Shipped",""
"534","22","2024-04-05 15:24:11","55.21","Delivered",""
"535","99","2024-03-02 04:35:45","540.92","Shipped",""
"536","58","2024-08-06 23:06:15","849.38","Incomplete","UXO-43"
"537","97","2024-04-19 13:59:40","470.73","Delivered","TSD-96"
"538","71","2024-02-02 23:02:11","702.09","Delivered",""
"539","41","2024-05-02 15:00:17","824.55","Incomplete","PPY-46"
"540","11","2024-05-20 16:23:29","375.83","Shipped",""
"541","97","2024-01-02 11:23:38","838.49","Delivered",""
"542","85","2024-07-20 11:17:15","517.53","Shipped",""
"543","100","2024-03-01 10:53:06","951.84","Delivered",""
"544","26","2024-07-30 08:34:05","84.62","Delivered",""
"545","2","2024-08-20 04:29:25","395.83","Delivered",""
"546","60","2024-03-05 14:17:27","619.09","Incomplete",""
"547","29","2024-04-07 17:34:42","67.21","Incomplete","ASA-12"
"548","64","2024-08-05 19:43:15","528.66","Incomplete",""
"549","4","2024-08-21 23:18:51","975.74","Shipped","BYJ-69"
"550","56","2024-01-28 09:09:09","170.89","Shipped",""
"551","53","2024-02-16 02:38:36","20.33","Delivered","FOV-97"
"552","29","2024-08-14 16:15:29","243.14","Delivered",""
"553","14","2024-10-09 11:52:08","946.49","Incomplete","KAT-81"
"554","59","2024-05-30 07:46:15","717.17","Shipped",""
"555","87","2024-05-09 14:43:24","790.84","Incomplete","ZPF-93"
"556","87","2024-07-02 14:42:07","399.79","Delivered",""
"557","2","2024-03-26 22:00:34","651.55","Incomplete","HOX-11"
"558","39","2024-07-25 16:24:04","867.34","Shipped",""
"559","73","2024-09-27 22:26:23","731.81","Delivered","LHK-91"
"560","74","2024-10-10 19:17:46","126.91","Incomplete","CHR-22"
"561","4","2024-10-21 23:24:01","920.95","Shipped",""
"562","29","2024-03-20 04:38:16","999.18","Delivered",""
"563","0","2024-07-19 22:55:58","773.51","Delivered","QNR-60"
"564","93","2024-04-19 09:08:43","545.97","Incomplete","XYB-32"
"565","79","2024-02-13 20:18:26","687.41","Delivered",""
"566","89","2024-09-18 20:42:54","596.06","Incomplete",""
"567","74","2024-06-19 06:48:31","847.2","Incomplete",""
"568","19","2024-07-02 20:46:57","646.36","Shipped",""
"569","51","2024-01-31 03:10:51","850.7","Shipped","CML-89"
"570","92","2024-09-14 11:18:19","174.09","Delivered",""
"571","79","2024-03-19 02:21:16","798.02","Shipped",""
"572","26","2024-10-09 06:11:45","135.74","Incomplete",""
"573","63","2024-03-05 02:38:41","334.13","Shipped","JAZ-48"
"574","48","2024-04-03 17:17:10","647.83","Shipped",""
"575","93","2024-10-24 15:45:14","703.16","Incomplete",""
"576","61","2024-03-31 05:47:52","65.05","Incomplete",""
"577","81","2024-03-01 12:18:39","947.24","Incomplete",""
"578","33","2024-09-06 13:27:27","861.38","Delivered",""
"579","21","2024-04-08 15:03:16","474.64","Shipped","JLQ-78"
"580","18","2024-02-25 19:37:15","512.2","Delivered","DGT-64"
"581","17","2024-04-21 09:27:22","527.78","Delivered",""
"582","77","2024-02-10 23:16:01","524.49","Incomplete",""
"583","78","2024-03-15 13:26:08","802.61","Shipped",""
"584","34","2024-08-17 04:27:14","261.22","Delivered",""
"585","72","2024-03-11 16:39:20","890.07","Incomplete",""
"586","46","2024-11-11 18:00:14","637.74","Incomplete","PQR-25"
"587","70","2024-06-20 16:20:57","597.17","Delivered",""
"588","30","2024-03-23 05:23:56","467.4","Delivered",""
"589","38","2024-08-23 01:46:02","122.58","Delivered","LSZ-69"
"590","28","2024-03-22 01:32:53","362.88","Delivered",""
"591","20","2024-03-30 14:48:32","37.07","Incomplete","DEE-63"
"592","11","2024-06-05 13:24:26","509.93","Shipped",""
"593","2","2024-09-17 23:08:16","556.49","Delivered",""
"594","91","2024-03-27 19:02:17","919.93","Incomplete",""
"595","22","2024-09-02 22:52:59","157.59","Shipped",""
"596","27","2024-04-05 15:06:08","435.21","Shipped",""
"597","6","2024-08-26 02:39:26","452.81","Incomplete",""
"598","53","2024-08-31 21:12:26","844.21","Shipped","VWZ-33"
"599","50","2024-02-05 01:16:28","907.49","Incomplete","NBA-71"
"600","29","2024-07-31 06:59:45","868.36","Incomplete",""
"601","38","2024-06-02 15:21:46","143.11","Incomplete","HVI-23"
"602","32","2024-04-04 23:50:57","715.78","Shipped",""
"603","43","2024-10-08 10:16:45","508.46","Delivered",""
"604","65","2024-05-26 11:16:49","232.95","Shipped",""
"605","25","2024-04-25 19:04:33","468.43","Shipped",""
"606","53","2024-05-21 14:02:20","579.53","Shipped",""
"607","25","2024-10-18 05:49:20","407.22","Shipped","HJT-39"
"608","68","2024-09-02 13:26:07","685.58","Shipped",""
"609","24","2024-10-29 01:10:18","253.56","Delivered",""
"610","78","2024-01-05 17:39:06","72.87","Incomplete",""
"611","26","2024-02-04 19:20:48","85.16","Incomplete",""
"612","34","2024-07-23 12:14:14","249.83","Delivered","ISD-16"
"613","44","2024-06-30 18:28:15","560.06","Shipped",""
"614","3","2024-05-18 13:53:00","46.9","Shipped",""
"615","97","2024-02-17 21:16:03","312.39","Incomplete",""
"616","14","2024-06-11 13:48:19","448.02","Shipped","WCP-14"
"617","36","2024-07-24 09:53:22","639.46","Delivered",""
"618","80","2024-04-21 18:04:47","583.64","Delivered",""
"619","80","2024-08-28 08:13:11","634.26","Incomplete",""
"620","19","2024-01-27 11:05:03","414.82","Delivered",""
"621","80","2024-04-21 12:40:26","296.25","Delivered",""
"622","60","2024-08-15 07:30:38","859.74","Incomplete",""
"623","44","2024-03-12 00:56:45","539.98","Incomplete",""
"624","86","2024-01-02 06:46:42","895.89","Delivered",""
"625","81","2024-10-07 03:10:22","233.03","Delivered","XZC-76"
"626","36","2024-05-15 21:51:22","65.34","Incomplete",""
"627","74","2024-05-29 21:47:15","967.81","Delivered","RPW-32"
"628","15","2024-07-08 08:38:03","262.75","Shipped",""
"629","17","2024-01-23 08:09:13","294.8","Delivered",""
"630","23","2024-07-25 17:17:18","537.31","Incomplete",""
"631","33","2024-02-14 21:18:43","732.4","Shipped",""
"632","73","2024-10-15 10:00:09","489.72","Incomplete",""
"633","77","2024-02-22 07:29:38","588.15","Shipped",""
"634","12","2024-02-07 10:21:21","568.13","Delivered",""
"635","91","2024-04-13 00:34:56","43.33","Shipped","GVO-09"
"636","50","2024-07-05 05:07:11","245.63","Delivered",""
"637","68","2024-08-16 08:09:19","297.34","Delivered",""
"638","9","2024-02-13 05:41:57","93.12","Shipped",""
"639","99","2024-04-21 11:26:32","371.92","Shipped",""
"640","43","2024-05-06 08:09:53","322.38","Shipped","OHC-78"
"641","22","2024-03-22 08:53:25","204.65","Incomplete","ZRD-49"
"642","52","2024-03-01 12:39:31","863.54","Incomplete",""
"643","92","2024-02-08 18:40:52","407.33","Delivered",""
"644","54","2024-02-07 23:29:07","271.98","Incomplete","DZB-86"
"645","74","2024-04-11 03:05:27","467.92","Shipped",""
"646","94","2024-05-27 12:47:10","659.39","Shipped",""
"647","4","2024-06-20 23:29:56","366.66","Shipped",""
"648","32","2024-07-05 14:08:35","711.12","Shipped",""
"649","11","2024-09-24 14:28:00","907.57","Shipped",""
"650","56","2024-11-07 15:38:58","866.83","Delivered",""
"651","24","2024-05-29 03:56:14","956.13","Shipped",""
"652","59","2024-06-15 11:13:55","317.64","Delivered",""
"653","64","2024-03-25 09:46:31","46.89","Delivered",""
"654","36","2024-09-29 07:26:29","206.83","Delivered",""
"655","16","2024-08-27 18:14:32","707.85","Shipped",""
"656","51","2024-05-09 16:47:36","997.26","Incomplete",""
"657","65","2024-05-06 08:46:00","720.51","Shipped",""
"658","18","2024-02-20 06:16:24","954.42","Delivered",""
"659","68","2024-11-12 03:20:00","937.86","Delivered","RZF-21"
"660","17","2024-05-03 10:04:34","356.88","Delivered",""
"661","56","2024-08-24 16:04:03","759.02","Incomplete","BWM-29"
"662","93","2024-03-17 21:03:57","903.81","Delivered",""
"663","74","2024-04-28 14:14:49","741.96","Incomplete",""
"664","4","2024-10-08 17:12:56","483.11","Shipped",""
"665","77","2024-02-23 00:02:56","792.08","Delivered","UOE-61"
"666","23","2024-01-29 04:06:40","891.16","Incomplete",""
"667","42","2024-11-11 15:56:34","941.75","Incomplete",""
"668","33","2024-03-15 12:20:53","457.03","Incomplete",""
"669","97","2024-01-11 10:13:34","743.43","Shipped","XCF-34"
"670","63","2024-11-06 00:17:51","837.87","Shipped","HEX-63"
"671","40","2024-10-15 19:29:49","494.22","Incomplete","MDQ-17"
"672","86","2024-07-05 13:18:54","325.07","Incomplete",""
"673","97","2024-08-26 08:20:25","522.91","Shipped",""
"674","10","2024-09-16 22:27:26","737.55","Delivered",""
"675","96","2024-06-11 16:21:15","488.27","Shipped",""
"676","53","2024-04-27 07:00:28","287.54","Delivered",""
"677","14","2024-05-07 09:22:57","139.86","Shipped",""
"678","24","2024-09-09 02:00:57","603.18","Shipped",""
"679","83","2024-07-24 07:40:13","408.37","Shipped",""
"680","15","2024-10-05 09:41:20","347.88","Delivered","PIZ-64"
"681","68","2024-02-14 19:29:12","967.87","Delivered",""
"682","7","2024-01-22 15:28:49","600.19","Incomplete","BIP-33"
"683","70","2024-03-24 21:13:04","655.76","Shipped",""
"684","61","2024-03-14 01:58:54","873.6","Delivered",""
"685","25","2024-10-31 12:01:59","267.39","Incomplete",""
"686","82","2024-03-03 23:42:42","628.73","Shipped","LTH-00"
"687","12","2024-11-06 16:36:54","219.69","Shipped",""
"688","26","2024-08-08 13:58:09","519.21","Incomplete",""
"689","50","2024-04-14 18:36:52","520.96","Delivered",""
"690","63","2024-04-20 13:09:05","297.89","Delivered",""
"691","6","2024-10-24 12:27:28","218.51","Incomplete",""
"692","62","2024-08-24 01:37:58","689.03","Shipped","MKW-07"
"693","92","2024-01-29 00:32:22","267.92","Incomplete",""
"694","92","2024-03-04 07:45:21","938.97","Incomplete",""
"695","78","2024-04-13 18:04:03","133.6","Incomplete",""
"696","11","2024-02-02 21:19:39","139.93","Delivered","UAJ-52"
"697","98","2024-07-04 03:43:04","857.09","Shipped",""
"698","43","2024-02-27 07:08:37","376.34","Incomplete","HZK-93"
"699","86","2024-02-13 10:35:07","170.82","Shipped",""
"700","59","2024-04-22 07:36:23","671.09","Incomplete",""
"701","19","2024-03-12 19:59:16","223.6","Delivered",""
"702","90","2024-01-04 12:24:58","660.63","Incomplete",""
"703","48","2024-09-11 04:12:13","595.16","Incomplete",""
"704","62","2024-02-23 11:30:30","150.83","Delivered",""
"705","7","2024-07-24 21:05:45","205.58","Shipped",""
"706","51","2024-06-12 13:48:46","310.86","Shipped",""
"707","77","2024-02-15 12:24:50","741.83","Shipped",""
"708","88","2024-02-22 07:19:45","503.54","Delivered",""
"709","90","2024-07-23 04:31:34","411.35","Shipped","XOC-93"
"710","45","2024-11-10 16:45:25","166.93","Delivered","KQM-16"
"711","4","2024-08-20 13:41:44","798.65","Shipped",""
"712","69","2024-07-14 19:08:36","441.28","Delivered","AKE-06"
"713","38","2024-05-27 04:55:44","345.73","Shipped",""
"714","72","2024-07-17 16:05:13","169.72","Shipped",""
"715","12","2024-04-24 05:22:48","403.6","Delivered",""
"716","39","2024-02-06 05:19:29","931.02","Incomplete",""
"717","11","2024-08-28 01:27:17","853.62","Delivered",""
"718","17","2024-05-09 19:32:42","167.2","Incomplete",""
"719","75","2024-09-22 06:06:18","210.72","Delivered","JSF-93"
"720","51","2024-10-14 00:18:28","937.29","Delivered",""
"721","11","2024-11-07 00:40:45","393.95","Incomplete",""
"722","27","2024-06-23 07:14:45","165.67","Delivered",""
"723","94","2024-09-29 17:11:30","864.27","Incomplete",""
"724","24","2024-02-14 18:13:09","760.28","Shipped",""
"725","30","2024-05-05 21:10:24","160.08","Incomplete","EYJ-95"
"726","16","2024-07-15 00:10:46","402.41","Shipped",""
"727","30","2024-10-09 23:39:47","403.1","Delivered",""
"728","26","2024-04-27 17:08:38","437.23","Delivered",""
"729","85","2024-05-03 11:52:00","916.76","Shipped",""
"730","61","2024-01-12 06:31:10","831.69","Incomplete",""
"731","18","2024-08-25 19:24:45","909.7","Shipped","KCV-26"
"732","24","2024-04-06 05:58:38","883.07","Delivered",""
"733","34","2024-09-21 11:58:16","799.28","Delivered","LPD-51"
"734","8","2024-07-26 17:07:50","275.6","Shipped",""
"735","58","2024-05-20 01:38:59","405.18","Shipped",""
"736","13","2024-03-06 11:25:24","899.6","Delivered",""
"737","17","2024-07-01 03:01:33","227.83","Delivered",""
"738","26","2024-03-02 16:54:39","499.03","Incomplete",""
"739","100","2024-06-17 11:52:54","927.14","Shipped",""
"740","14","2024-07-23 11:44:56","196.97","Incomplete",""
"741","72","2024-02-07 12:23:53","438.46","Incomplete",""
"742","46","2024-08-02 03:07:58","608.44","Delivered",""
"743","25","2024-03-08 22:29:10","337.06","Delivered",""
"744","25","2024-03-14 03:23:56","986.01","Delivered",""
"745","68","2024-01-13 17:04:31","663.57","Incomplete",""
"746","47","2024-03-30 01:18:16","259.09","Delivered",""
"747","38","2024-03-06 00:26:18","130.54","Delivered","ZCK-73"
"748","81","2024-10-19 07:55:48","150.38","Shipped",""
"749","16","2024-08-10 00:03:08","199.24","Shipped",""
"750","30","2024-03-02 09:08:27","456.05","Shipped",""
"751","49","2024-09-25 22:04:22","219.75","Incomplete",""
"752","63","2024-09-24 12:27:36","856.84","Delivered",""
"753","50","2024-11-08 03:29:14","812.82","Shipped",""
"754","77","2024-09-27 15:59:04","321.4","Delivered",""
"755","61","2024-07-12 03:23:58","91.03","Shipped","JPL-01"
"756","50","2024-02-02 16:34:29","54.59","Incomplete","SDK-31"
"757","71","2024-01-11 06:02:36","891.76","Incomplete",""
"758","1","2024-05-22 21:20:42","975.52","Incomplete",""
"759","7","2024-03-17 10:11:18","719.04","Incomplete","KFN-59"
"760","45","2024-05-29 07:22:12","112.22","Delivered",""
"761","66","2024-11-10 11:23:22","653.39","Shipped",""
"762","83","2024-05-20 10:13:02","466.76","Incomplete",""
"763","78","2024-05-24 19:01:20","277.55","Delivered",""
"764","13","2024-04-01 16:53:18","621.69","Shipped",""
"765","55","2024-04-19 04:27:13","114.19","Shipped",""
"766","12","2024-03-29 04:43:49","515.57","Incomplete",""
"767","3","2024-07-28 22:03:34","918.58","Incomplete",""
"768","45","2024-10-07 15:49:37","571.27","Delivered",""
"769","35","2024-07-31 17:21:51","954.74","Delivered",""
"770","42","2024-03-08 23:49:14","428.63","Incomplete",""
"771","36","2024-03-28 02:27:11","758.49","Delivered","THB-79"
"772","25","2024-05-03 04:44:15","983.98","Shipped",""
"773","0","2024-01-07 20:31:33","986.46","Shipped",""
"774","52","2024-09-18 03:54:49","157.17","Delivered","AUB-81"
"775","36","2024-07-19 23:11:45","20.21","Delivered","IPO-30"
"776","98","2024-02-29 20:54:13","698.91","Delivered",""
"777","53","2024-06-14 21:24:12","169.24","Shipped",""
"778","63","2024-10-17 19:06:23","412.0","Incomplete",""
"779","7","2024-02-14 11:48:48","84.99","Incomplete","ZJW-84"
"780","98","2024-01-15 23:15:08","560.06","Incomplete",""
"781","50","2024-10-05 14:01:24","22.26","Shipped",""
"782","64","2024-01-30 15:58:35","840.44","Delivered",""
"783","23","2024-02-22 18:25:56","977.27","Shipped",""
"784","66","2024-06-18 02:39:50","481.98","Delivered",""
"785","68","2024-01-17 01:58:11","155.85","Delivered",""
"786","65","2024-07-03 05:49:25","833.26","Delivered","TBE-00"
"787","57","2024-05-09 10:59:30","94.92","Incomplete","DJV-31"
"788","35","2024-09-23 01:48:32","816.73","Delivered","LGS-44"
"789","44","2024-05-25 17:19:48","183.06","Incomplete",""
"790","13","2024-06-09 14:54:16","822.54","Incomplete",""
"791","13","2024-09-21 08:51:01","165.83","Delivered",""
"792","43","2024-01-29 10:52:56","310.54","Delivered",""
"793","8","2024-08-04 08:26:10","102.69","Delivered",""
"794","15","2024-01-09 09:41:26","202.94","Delivered",""
"795","68","2024-02-23 21:16:45","873.36","Shipped",""
"796","86","2024-07-31 20:09:43","356.94","Incomplete",""
"797","97","2024-01-11 09:09:59","818.84","Delivered",""
"798","95","2024-06-10 16:27:41","442.38","Shipped",""
"799","96","2024-09-18 11:22:34","57.72","Delivered",""
"800","85","2024-06-18 13:15:56","613.23","Delivered","EGC-99"
"801","42","2024-09-05 23:08:14","204.33","Incomplete",""
"802","55","2024-04-28 03:38:20","364.89","Incomplete","ICH-53"
"803","56","2024-03-29 19:52:51","663.48","Shipped",""
"804","30","2024-01-24 06:04:44","74.42","Delivered",""
"805","26","2024-05-22 06:35:17","849.02","Shipped",""
"806","41","2024-10-28 02:10:17","322.63","Incomplete",""
"807","5","2024-10-05 17:21:04","620.14","Shipped","YCF-61"
"808","2","2024-09-04 01:51:29","626.47","Shipped",""
"809","51","2024-10-18 00:55:50","95.14","Shipped",""
"810","90","2024-01-04 09:24:42","500.61","Shipped",""
"811","10","2024-08-30 21:46:09","946.79","Shipped",""
"812","95","2024-10-17 03:24:50","85.5","Delivered",""
"813","14","2024-01-09 16:21:19","165.96","Shipped",""
"814","98","2024-04-23 09:29:13","966.3","Shipped",""
"815","90","2024-01-21 03:27:04","807.94","Delivered",""
"816","73","2024-09-24 00:29:10","501.78","Incomplete",""
"817","70","2024-03-10 14:34:50","727.11","Delivered",""
"818","23","2024-11-06 10:35:30","568.77","Shipped",""
"819","46","2024-09-24 22:46:59","546.12","Shipped",""
"820","53","2024-11-02 02:14:34","995.21","Incomplete",""
"821","21","2024-07-09 06:16:23","331.6","Delivered",""
"822","11","2024-01-19 00:12:09","84.29","Incomplete",""
"823","10","2024-09-19 11:01:18","779.54","Delivered","XIE-99"
"824","81","2024-01-21 20:19:25","654.44","Incomplete",""
"825","14","2024-08-24 01:38:36","814.96","Shipped",""
"826","50","2024-03-17 09:01:09","113.06","Incomplete",""
"827","24","2024-06-27 23:25:37","946.64","Delivered",""
"828","0","2024-11-08 14:13:57","878.54","Delivered",""
"829","80","2024-03-25 14:23:40","584.27","Delivered","BYE-84"
"830","17","2024-03-08 03:15:08","521.12","Delivered","YUQ-62"
"831","95","2024-01-20 01:41:36","708.25","Shipped",""
"832","95","2024-07-15 15:39:52","669.86","Delivered",""
"833","35","2024-05-31 09:48:51","71.65","Shipped",""
"834","12","2024-02-29 15:07:34","673.66","Delivered",""
"835","26","2024-01-11 23:25:23","437.31","Delivered",""
"836","65","2024-09-27 11:05:37","870.8","Shipped",""
"837","33","2024-07-29 01:14:59","399.62","Shipped",""
"838","41","2024-03-26 13:01:40","617.97","Delivered",""
"839","32","2024-06-27 13:05:53","252.1","Shipped",""
"840","64","2024-02-21 19:09:15","57.28","Delivered",""
"841","25","2024-03-31 18:57:29","974.84","Delivered",""
"842","74","2024-10-22 11:53:09","119.72","Incomplete",""
"843","44","2024-07-04 00:22:41","510.2","Delivered",""
"844","93","2024-03-26 21:51:32","443.23","Delivered",""
"845","6","2024-06-30 03:52:48","646.28","Incomplete",""
"846","88","2024-07-02 23:07:07","312.79","Delivered",""
"847","62","2024-07-13 07:31:41","865.28","Delivered","PBX-59"
"848","10","2024-01-05 00:40:00","672.1","Shipped",""
"849","7","2024-08-07 15:13:59","553.95","Shipped",""
"850","3","2024-09-03 20:42:45","723.5","Shipped",""
"851","38","2024-07-01 05:28:56","326.17","Incomplete","FCT-06"
"852","41","2024-02-28 09:47:12","726.4","Incomplete",""
"853","60","2024-02-10 19:06:27","884.25","Delivered",""
"854","30","2024-07-03 23:44:56","830.73","Delivered",""
"855","98","2024-10-08 00:41:38","738.63","Incomplete","CAW-64"
"856","44","2024-01-30 14:25:15","888.33","Delivered",""
"857","86","2024-04-09 18:44:09","193.06","Shipped",""
"858","46","2024-02-14 07:51:06","523.67","Incomplete",""
"859","4","2024-03-14 07:19:05","711.29","Shipped",""
"860","89","2024-08-05 12:25:32","403.8","Incomplete",""
"861","19","2024-08-12 00:01:39","912.92","Incomplete",""
"862","57","2024-07-18 07:40:42","120.09","Delivered",""
"863","31","2024-10-19 16:21:32","573.73","Delivered",""
"864","80","2024-03-22 19:49:01","765.58","Delivered","FWS-00"
"865","70","2024-11-04 17:10:26","457.14","Incomplete",""
"866","85","2024-05-28 11:05:36","602.96","Shipped",""
"867","53","2024-08-16 20:03:30","838.04","Incomplete",""
"868","94","2024-07-30 07:28:21","40.2","Delivered",""
"869","29","2024-06-09 12:13:09","369.78","Incomplete",""
"870","76","2024-09-24 16:41:49","261.74","Incomplete",""
"871","91","2024-09-30 00:16:26","663.32","Delivered",""
"872","83","2024-08-22 13:59:51","309.96","Shipped","AFT-73"
"873","9","2024-10-02 13:11:37","592.45","Shipped",""
"874","37","2024-03-15 07:11:45","282.28","Incomplete",""
"875","16","2024-08-25 13:36:19","511.79","Incomplete",""
"876","74","2024-01-04 04:02:42","402.47","Delivered",""
"877","88","2024-08-23 00:21:10","659.94","Delivered",""
"878","45","2024-08-27 07:59:13","583.45","Incomplete",""
"879","81","2024-08-20 13:58:59","952.75","Shipped",""
"880","2","2024-11-06 07:59:50","13.97","Delivered","AWJ-98"
"881","42","2024-05-08 19:20:43","267.68","Delivered",""
"882","29","2024-01-14 10:08:08","924.94","Shipped",""
"883","39","2024-04-23 23:48:17","395.29","Delivered",""
"884","100","2024-05-28 21:46:19","159.09","Incomplete",""
"885","37","2024-01-30 14:15:43","805.27","Shipped",""
"886","47","2024-10-02 18:31:59","625.23","Shipped",""
"887","36","2024-03-25 07:29:52","789.6","Delivered",""
"888","36","2024-07-17 04:29:08","404.09","Incomplete","ZCL-63"
"889","96","2024-08-19 00:19:18","58.32","Incomplete",""
"890","45","2024-05-31 22:25:09","881.63","Incomplete","QQV-40"
"891","50","2024-10-30 15:25:40","940.47","Shipped",""
"892","10","2024-10-22 04:08:38","350.94","Incomplete",""
"893","89","2024-03-22 09:14:00","665.4","Delivered",""
"894","15","2024-02-22 14:44:58","740.56","Incomplete",""
"895","57","2024-02-15 20:16:35","442.32","Delivered",""
"896","42","2024-02-12 19:39:12","564.22","Shipped",""
"897","19","2024-04-06 03:17:44","685.41","Shipped",""
"898","39","2024-07-13 02:23:44","780.5","Delivered",""
"899","59","2024-09-02 01:41:03","34.27","Shipped",""
"900","91","2024-07-15 17:10:39","31.64","Delivered",""
"901","1","2024-02-11 20:39:36","585.25","Incomplete","PCA-63"
"902","99","2024-04-12 12:34:16","735.49","Incomplete","QKR-15"
"903","11","2024-08-28 06:15:01","393.07","Delivered",""
"904","82","2024-05-31 12:10:26","562.37","Shipped","CGO-95"
"905","43","2024-06-05 23:11:26","347.5","Shipped",""
"906","12","2024-06-15 06:59:45","523.97","Shipped",""
"907","85","2024-05-30 06:11:06","715.37","Incomplete","EMR-99"
"908","51","2024-08-07 15:00:52","745.86","Delivered",""
"909","91","2024-03-23 01:18:23","239.58","Incomplete",""
"910","16","2024-04-16 21:25:58","758.89","Incomplete",""
"911","20","2024-06-01 04:13:53","253.77","Delivered","HWG-38"
"912","42","2024-02-12 10:34:29","508.95","Incomplete",""
"913","97","2024-10-04 02:38:49","217.7","Delivered",""
"914","53","2024-10-21 00:15:26","368.18","Shipped",""
"915","54","2024-02-23 15:59:42","727.21","Shipped",""
"916","10","2024-08-14 17:22:24","397.35","Shipped",""
"917","67","2024-10-11 11:32:16","49.88","Shipped",""
"918","98","2024-08-16 01:32:30","946.81","Delivered",""
"919","30","2024-03-30 03:35:03","671.61","Incomplete",""
"920","92","2024-05-15 04:53:59","599.96","Incomplete",""
"921","68","2024-07-31 19:54:30","45.9","Incomplete","VEP-34"
"922","85","2024-07-19 02:09:50","985.13","Shipped",""
"923","73","2024-05-12 20:26:12","405.87","Delivered","EQQ-37"
"924","47","2024-06-26 08:14:23","60.73","Incomplete",""
"925","88","2024-05-05 20:30:36","735.45","Delivered",""
"926","80","2024-02-15 03:07:12","999.84","Incomplete",""
"927","24","2024-04-01 02:38:57","397.33","Shipped","LKK-28"
"928","74","2024-06-12 12:14:33","326.47","Incomplete",""
"929","95","2024-02-22 10:53:36","127.01","Incomplete",""
"930","52","2024-02-26 22:25:02","504.22","Incomplete",""
"931","36","2024-08-26 19:26:16","338.31","Shipped",""
"932","73","2024-07-23 21:58:23","250.41","Shipped",""
"933","90","2024-01-06 15:10:56","338.27","Shipped",""
"934","53","2024-03-19 00:22:43","161.29","Incomplete","FNA-76"
"935","60","2024-07-25 21:07:00","317.03","Incomplete","ALM-25"
"936","92","2024-09-13 00:21:58","361.38","Incomplete",""
"937","38","2024-02-03 06:10:31","496.46","Incomplete",""
"938","45","2024-03-16 04:11:08","652.9","Delivered","IGM-81"
"939","48","2024-01-21 16:21:36","264.1","Delivered","XKO-55"
"940","49","2024-04-16 13:27:17","215.29","Delivered",""
"941","62","2024-06-03 08:24:15","259.0","Shipped",""
"942","30","2024-07-21 21:12:03","468.78","Shipped","TRY-12"
"943","0","2024-03-31 00:45:36","576.19","Delivered",""
"944","96","2024-08-29 14:33:39","728.16","Incomplete","GRN-41"
"945","39","2024-10-22 07:29:55","452.2","Shipped",""
"946","21","2024-10-24 06:07:55","972.61","Delivered",""
"947","46","2024-04-05 02:44:38","612.81","Shipped",""
"948","43","2024-10-29 17:08:00","436.38","Delivered","VBB-66"
"949","32","2024-09-09 16:49:33","979.78","Delivered",""
"950","3","2024-06-09 07:25:30","10.86","Shipped",""
"951","44","2024-03-09 05:23:49","42.11","Delivered",""
"952","41","2024-07-02 19:51:44","358.19","Shipped",""
"953","45","2024-04-01 16:37:11","615.04","Incomplete",""
"954","53","2024-09-16 20:38:21","585.85","Shipped","UHU-04"
"955","73","2024-07-17 08:31:56","122.05","Delivered",""
"956","53","2024-09-21 19:18:19","454.61","Incomplete",""
"957","93","2024-03-21 23:29:12","976.35","Shipped",""
"958","41","2024-06-24 02:40:49","286.18","Incomplete","ULB-59"
"959","73","2024-04-13 22:44:28","693.11","Incomplete",""
"960","37","2024-05-21 05:24:37","172.96","Shipped",""
"961","28","2024-03-22 13:21:27","256.47","Delivered",""
"962","58","2024-06-03 23:29:18","854.81","Incomplete",""
"963","18","2024-03-12 14:33:10","955.57","Incomplete",""
"964","40","2024-01-15 13:06:54","267.66","Incomplete",""
"965","19","2024-02-04 18:19:16","729.56","Delivered",""
"966","25","2024-10-15 12:47:13","241.24","Delivered",""
"967","65","2024-06-14 18:19:59","948.65","Shipped",""
"968","11","2024-01-30 08:32:46","369.5","Incomplete",""
"969","80","2024-09-24 03:41:51","198.96","Shipped","EQJ-61"
"970","64","2024-08-20 14:09:24","357.24","Delivered",""
"971","44","2024-02-08 23:47:37","186.51","Shipped",""
"972","36","2024-01-07 17:26:35","772.84","Delivered","NFL-63"
"973","43","2024-10-24 15:51:51","172.01","Shipped",""
"974","16","2024-06-18 07:17:00","282.6","Incomplete",""
"975","100","2024-04-13 19:42:01","70.08","Delivered",""
"976","19","2024-05-01 23:23:31","363.31","Incomplete",""
"977","22","2024-02-09 00:11:32","145.87","Incomplete",""
"978","5","2024-08-08 16:59:03","735.61","Shipped",""
"979","38","2024-09-20 21:16:37","251.83","Incomplete","SKF-39"
"980","14","2024-11-11 06:26:45","366.17","Incomplete",""
"981","44","2024-08-06 00:35:17","84.55","Delivered","ACZ-00"
"982","30","2024-01-29 18:46:44","698.23","Incomplete",""
"983","43","2024-02-08 02:34:44","926.03","Incomplete",""
"984","76","2024-06-29 08:51:20","796.77","Shipped",""
"985","38","2024-04-30 07:32:31","626.18","Shipped",""
"986","9","2024-06-17 02:16:47","848.55","Incomplete",""
"987","19","2024-11-03 21:48:50","277.36","Delivered",""
"988","23","2024-03-15 23:36:50","674.91","Delivered",""
"989","2","2024-07-16 09:01:55","770.81","Delivered","MFG-62"
"990","1","2024-03-19 17:51:02","900.54","Shipped",""
"991","13","2024-05-13 14:06:01","796.15","Shipped",""
"992","6","2024-01-27 15:13:07","33.61","Incomplete",""
"993","69","2024-07-01 09:01:16","183.42","Shipped",""
"994","66","2024-05-30 22:29:08","521.32","Incomplete","GIB-57"
"995","99","2024-04-17 12:30:21","147.73","Shipped",""
"996","19","2024-02-01 22:53:00","634.62","Delivered",""
"997","23","2024-01-27 19:51:24","48.01","Incomplete",""
"998","94","2024-07-28 01:37:31","13.85","Incomplete",""
"999","73","2024-06-09 06:24:31","701.81","Incomplete",""
"1000","4","2024-03-08 15:32:14","141.15","Shipped",""
